"","POS","NEG","POS/NEG","SENT"
"1","1.03127774142571","0.445453222112551","2.31512017476245","positive"
"2","1.03127774142571","0.445453222112551","2.31512017476245","positive"
"3","1.03127774142571","0.445453222112551","2.31512017476245","positive"
"4","1.03127774142571","0.445453222112551","2.31512017476245","positive"
"5","1.03127774142571","0.445453222112551","2.31512017476245","positive"
"6","1.03127774142571","0.445453222112551","2.31512017476245","positive"
"7","1.03127774142571","0.445453222112551","2.31512017476245","positive"
"8","1.03127774142571","0.445453222112551","2.31512017476245","positive"
"9","1.03127774142571","0.445453222112551","2.31512017476245","positive"
"10","1.03127774142571","0.445453222112551","2.31512017476245","positive"
"11","1.03127774142571","0.445453222112551","2.31512017476245","positive"
"12","1.03127774142571","0.445453222112551","2.31512017476245","positive"
"13","1.03127774142571","0.445453222112551","2.31512017476245","positive"
"14","1.03127774142571","0.445453222112551","2.31512017476245","positive"
"15","1.03127774142571","0.445453222112551","2.31512017476245","positive"
"16","1.03127774142571","0.445453222112551","2.31512017476245","positive"
"17","1.03127774142571","0.445453222112551","2.31512017476245","positive"
"18","1.03127774142571","0.445453222112551","2.31512017476245","positive"
"19","1.03127774142571","0.445453222112551","2.31512017476245","positive"
"20","1.03127774142571","0.445453222112551","2.31512017476245","positive"
"21","1.03127774142571","0.445453222112551","2.31512017476245","positive"
"22","1.03127774142571","0.445453222112551","2.31512017476245","positive"
"23","1.03127774142571","0.445453222112551","2.31512017476245","positive"
"24","1.03127774142571","0.445453222112551","2.31512017476245","positive"
"25","1.03127774142571","0.445453222112551","2.31512017476245","positive"
"26","1.03127774142571","0.445453222112551","2.31512017476245","positive"
"27","1.03127774142571","0.445453222112551","2.31512017476245","positive"
"28","1.03127774142571","0.445453222112551","2.31512017476245","positive"
"29","1.03127774142571","0.445453222112551","2.31512017476245","positive"
"30","1.03127774142571","0.445453222112551","2.31512017476245","positive"
"31","1.03127774142571","0.445453222112551","2.31512017476245","positive"
"32","1.03127774142571","0.445453222112551","2.31512017476245","positive"
"33","1.03127774142571","0.445453222112551","2.31512017476245","positive"
"34","1.03127774142571","0.445453222112551","2.31512017476245","positive"
"35","1.03127774142571","0.445453222112551","2.31512017476245","positive"
"36","1.03127774142571","0.445453222112551","2.31512017476245","positive"
"37","1.03127774142571","0.445453222112551","2.31512017476245","positive"
"38","1.03127774142571","0.445453222112551","2.31512017476245","positive"
"39","1.03127774142571","0.445453222112551","2.31512017476245","positive"
"40","1.03127774142571","0.445453222112551","2.31512017476245","positive"
"41","1.03127774142571","0.445453222112551","2.31512017476245","positive"
"42","1.03127774142571","0.445453222112551","2.31512017476245","positive"
"43","1.03127774142571","0.445453222112551","2.31512017476245","positive"
"44","1.03127774142571","0.445453222112551","2.31512017476245","positive"
"45","1.03127774142571","0.445453222112551","2.31512017476245","positive"
"46","1.03127774142571","0.445453222112551","2.31512017476245","positive"
"47","1.03127774142571","0.445453222112551","2.31512017476245","positive"
"48","1.03127774142571","0.445453222112551","2.31512017476245","positive"
"49","1.03127774142571","0.445453222112551","2.31512017476245","positive"
"50","1.03127774142571","0.445453222112551","2.31512017476245","positive"
"51","1.03127774142571","0.445453222112551","2.31512017476245","positive"
"52","1.03127774142571","0.445453222112551","2.31512017476245","positive"
"53","1.03127774142571","0.445453222112551","2.31512017476245","positive"
"54","1.03127774142571","0.445453222112551","2.31512017476245","positive"
"55","1.03127774142571","0.445453222112551","2.31512017476245","positive"
"56","1.03127774142571","0.445453222112551","2.31512017476245","positive"
"57","1.03127774142571","0.445453222112551","2.31512017476245","positive"
"58","1.03127774142571","0.445453222112551","2.31512017476245","positive"
"59","1.03127774142571","0.445453222112551","2.31512017476245","positive"
"60","1.03127774142571","0.445453222112551","2.31512017476245","positive"
"61","1.03127774142571","0.445453222112551","2.31512017476245","positive"
"62","1.03127774142571","0.445453222112551","2.31512017476245","positive"
"63","1.03127774142571","0.445453222112551","2.31512017476245","positive"
"64","1.03127774142571","0.445453222112551","2.31512017476245","positive"
"65","1.03127774142571","0.445453222112551","2.31512017476245","positive"
"66","1.03127774142571","0.445453222112551","2.31512017476245","positive"
"67","1.03127774142571","0.445453222112551","2.31512017476245","positive"
"68","1.03127774142571","0.445453222112551","2.31512017476245","positive"
"69","1.03127774142571","0.445453222112551","2.31512017476245","positive"
"70","1.03127774142571","0.445453222112551","2.31512017476245","positive"
"71","1.03127774142571","0.445453222112551","2.31512017476245","positive"
"72","1.03127774142571","0.445453222112551","2.31512017476245","positive"
"73","1.03127774142571","0.445453222112551","2.31512017476245","positive"
"74","1.03127774142571","0.445453222112551","2.31512017476245","positive"
"75","1.03127774142571","0.445453222112551","2.31512017476245","positive"
"76","1.03127774142571","0.445453222112551","2.31512017476245","positive"
"77","1.03127774142571","0.445453222112551","2.31512017476245","positive"
"78","1.03127774142571","0.445453222112551","2.31512017476245","positive"
"79","1.03127774142571","0.445453222112551","2.31512017476245","positive"
"80","1.03127774142571","0.445453222112551","2.31512017476245","positive"
"81","1.03127774142571","0.445453222112551","2.31512017476245","positive"
"82","1.03127774142571","0.445453222112551","2.31512017476245","positive"
"83","1.03127774142571","0.445453222112551","2.31512017476245","positive"
"84","1.03127774142571","0.445453222112551","2.31512017476245","positive"
"85","1.03127774142571","0.445453222112551","2.31512017476245","positive"
"86","1.03127774142571","0.445453222112551","2.31512017476245","positive"
"87","1.03127774142571","0.445453222112551","2.31512017476245","positive"
"88","1.03127774142571","0.445453222112551","2.31512017476245","positive"
"89","1.03127774142571","0.445453222112551","2.31512017476245","positive"
"90","1.03127774142571","0.445453222112551","2.31512017476245","positive"
"91","1.03127774142571","0.445453222112551","2.31512017476245","positive"
"92","1.03127774142571","0.445453222112551","2.31512017476245","positive"
"93","1.03127774142571","0.445453222112551","2.31512017476245","positive"
"94","1.03127774142571","0.445453222112551","2.31512017476245","positive"
"95","1.03127774142571","0.445453222112551","2.31512017476245","positive"
"96","1.03127774142571","0.445453222112551","2.31512017476245","positive"
"97","1.03127774142571","0.445453222112551","2.31512017476245","positive"
"98","1.03127774142571","0.445453222112551","2.31512017476245","positive"
"99","1.03127774142571","0.445453222112551","2.31512017476245","positive"
"100","1.03127774142571","0.445453222112551","2.31512017476245","positive"
"101","1.03127774142571","0.445453222112551","2.31512017476245","positive"
"102","1.03127774142571","0.445453222112551","2.31512017476245","positive"
"103","1.03127774142571","0.445453222112551","2.31512017476245","positive"
"104","1.03127774142571","0.445453222112551","2.31512017476245","positive"
"105","1.03127774142571","0.445453222112551","2.31512017476245","positive"
"106","1.03127774142571","0.445453222112551","2.31512017476245","positive"
"107","1.03127774142571","0.445453222112551","2.31512017476245","positive"
"108","1.03127774142571","0.445453222112551","2.31512017476245","positive"
"109","1.03127774142571","0.445453222112551","2.31512017476245","positive"
"110","1.03127774142571","0.445453222112551","2.31512017476245","positive"
"111","1.03127774142571","0.445453222112551","2.31512017476245","positive"
"112","1.03127774142571","0.445453222112551","2.31512017476245","positive"
"113","1.03127774142571","0.445453222112551","2.31512017476245","positive"
"114","1.03127774142571","0.445453222112551","2.31512017476245","positive"
"115","1.03127774142571","0.445453222112551","2.31512017476245","positive"
"116","1.03127774142571","0.445453222112551","2.31512017476245","positive"
"117","1.03127774142571","0.445453222112551","2.31512017476245","positive"
"118","1.03127774142571","0.445453222112551","2.31512017476245","positive"
"119","1.03127774142571","0.445453222112551","2.31512017476245","positive"
"120","1.03127774142571","0.445453222112551","2.31512017476245","positive"
"121","1.03127774142571","0.445453222112551","2.31512017476245","positive"
"122","1.03127774142571","0.445453222112551","2.31512017476245","positive"
"123","1.03127774142571","0.445453222112551","2.31512017476245","positive"
"124","1.03127774142571","0.445453222112551","2.31512017476245","positive"
"125","1.03127774142571","0.445453222112551","2.31512017476245","positive"
"126","1.03127774142571","0.445453222112551","2.31512017476245","positive"
"127","1.03127774142571","0.445453222112551","2.31512017476245","positive"
"128","1.03127774142571","0.445453222112551","2.31512017476245","positive"
"129","1.03127774142571","0.445453222112551","2.31512017476245","positive"
"130","1.03127774142571","0.445453222112551","2.31512017476245","positive"
"131","1.03127774142571","0.445453222112551","2.31512017476245","positive"
"132","1.03127774142571","0.445453222112551","2.31512017476245","positive"
"133","1.03127774142571","0.445453222112551","2.31512017476245","positive"
"134","1.03127774142571","0.445453222112551","2.31512017476245","positive"
"135","1.03127774142571","0.445453222112551","2.31512017476245","positive"
"136","1.03127774142571","0.445453222112551","2.31512017476245","positive"
"137","1.03127774142571","0.445453222112551","2.31512017476245","positive"
"138","1.03127774142571","0.445453222112551","2.31512017476245","positive"
"139","1.03127774142571","0.445453222112551","2.31512017476245","positive"
"140","1.03127774142571","0.445453222112551","2.31512017476245","positive"
"141","1.03127774142571","0.445453222112551","2.31512017476245","positive"
"142","1.03127774142571","0.445453222112551","2.31512017476245","positive"
"143","1.03127774142571","0.445453222112551","2.31512017476245","positive"
"144","1.03127774142571","0.445453222112551","2.31512017476245","positive"
"145","1.03127774142571","0.445453222112551","2.31512017476245","positive"
"146","1.03127774142571","0.445453222112551","2.31512017476245","positive"
"147","1.03127774142571","0.445453222112551","2.31512017476245","positive"
"148","1.03127774142571","0.445453222112551","2.31512017476245","positive"
"149","1.03127774142571","0.445453222112551","2.31512017476245","positive"
"150","1.03127774142571","0.445453222112551","2.31512017476245","positive"
"151","1.03127774142571","0.445453222112551","2.31512017476245","positive"
"152","1.03127774142571","0.445453222112551","2.31512017476245","positive"
"153","1.03127774142571","0.445453222112551","2.31512017476245","positive"
"154","1.03127774142571","0.445453222112551","2.31512017476245","positive"
"155","1.03127774142571","0.445453222112551","2.31512017476245","positive"
"156","1.03127774142571","0.445453222112551","2.31512017476245","positive"
"157","1.03127774142571","0.445453222112551","2.31512017476245","positive"
"158","1.03127774142571","0.445453222112551","2.31512017476245","positive"
"159","1.03127774142571","0.445453222112551","2.31512017476245","positive"
"160","1.03127774142571","0.445453222112551","2.31512017476245","positive"
"161","1.03127774142571","0.445453222112551","2.31512017476245","positive"
"162","1.03127774142571","0.445453222112551","2.31512017476245","positive"
"163","1.03127774142571","0.445453222112551","2.31512017476245","positive"
"164","1.03127774142571","0.445453222112551","2.31512017476245","positive"
"165","1.03127774142571","0.445453222112551","2.31512017476245","positive"
"166","1.03127774142571","0.445453222112551","2.31512017476245","positive"
"167","1.03127774142571","0.445453222112551","2.31512017476245","positive"
"168","1.03127774142571","0.445453222112551","2.31512017476245","positive"
"169","1.03127774142571","0.445453222112551","2.31512017476245","positive"
"170","1.03127774142571","0.445453222112551","2.31512017476245","positive"
"171","1.03127774142571","0.445453222112551","2.31512017476245","positive"
"172","1.03127774142571","0.445453222112551","2.31512017476245","positive"
"173","1.03127774142571","0.445453222112551","2.31512017476245","positive"
"174","1.03127774142571","0.445453222112551","2.31512017476245","positive"
"175","1.03127774142571","0.445453222112551","2.31512017476245","positive"
"176","1.03127774142571","0.445453222112551","2.31512017476245","positive"
"177","1.03127774142571","0.445453222112551","2.31512017476245","positive"
"178","1.03127774142571","0.445453222112551","2.31512017476245","positive"
"179","1.03127774142571","0.445453222112551","2.31512017476245","positive"
"180","1.03127774142571","0.445453222112551","2.31512017476245","positive"
"181","1.03127774142571","0.445453222112551","2.31512017476245","positive"
"182","1.03127774142571","0.445453222112551","2.31512017476245","positive"
"183","1.03127774142571","0.445453222112551","2.31512017476245","positive"
"184","1.03127774142571","0.445453222112551","2.31512017476245","positive"
"185","1.03127774142571","0.445453222112551","2.31512017476245","positive"
"186","1.03127774142571","0.445453222112551","2.31512017476245","positive"
"187","1.03127774142571","0.445453222112551","2.31512017476245","positive"
"188","1.03127774142571","0.445453222112551","2.31512017476245","positive"
"189","1.03127774142571","0.445453222112551","2.31512017476245","positive"
"190","1.03127774142571","0.445453222112551","2.31512017476245","positive"
"191","1.03127774142571","0.445453222112551","2.31512017476245","positive"
"192","1.03127774142571","0.445453222112551","2.31512017476245","positive"
"193","1.03127774142571","0.445453222112551","2.31512017476245","positive"
"194","1.03127774142571","0.445453222112551","2.31512017476245","positive"
"195","1.03127774142571","0.445453222112551","2.31512017476245","positive"
"196","1.03127774142571","0.445453222112551","2.31512017476245","positive"
"197","1.03127774142571","0.445453222112551","2.31512017476245","positive"
"198","1.03127774142571","0.445453222112551","2.31512017476245","positive"
"199","1.03127774142571","0.445453222112551","2.31512017476245","positive"
"200","1.03127774142571","0.445453222112551","2.31512017476245","positive"
"201","1.03127774142571","0.445453222112551","2.31512017476245","positive"
"202","1.03127774142571","0.445453222112551","2.31512017476245","positive"
"203","1.03127774142571","0.445453222112551","2.31512017476245","positive"
"204","1.03127774142571","0.445453222112551","2.31512017476245","positive"
"205","1.03127774142571","0.445453222112551","2.31512017476245","positive"
"206","1.03127774142571","0.445453222112551","2.31512017476245","positive"
"207","1.03127774142571","0.445453222112551","2.31512017476245","positive"
"208","1.03127774142571","0.445453222112551","2.31512017476245","positive"
"209","1.03127774142571","0.445453222112551","2.31512017476245","positive"
"210","1.03127774142571","0.445453222112551","2.31512017476245","positive"
"211","1.03127774142571","0.445453222112551","2.31512017476245","positive"
"212","1.03127774142571","0.445453222112551","2.31512017476245","positive"
"213","1.03127774142571","0.445453222112551","2.31512017476245","positive"
"214","1.03127774142571","0.445453222112551","2.31512017476245","positive"
"215","1.03127774142571","0.445453222112551","2.31512017476245","positive"
"216","1.03127774142571","0.445453222112551","2.31512017476245","positive"
"217","1.03127774142571","0.445453222112551","2.31512017476245","positive"
"218","1.03127774142571","0.445453222112551","2.31512017476245","positive"
"219","1.03127774142571","0.445453222112551","2.31512017476245","positive"
"220","1.03127774142571","0.445453222112551","2.31512017476245","positive"
"221","1.03127774142571","0.445453222112551","2.31512017476245","positive"
"222","1.03127774142571","0.445453222112551","2.31512017476245","positive"
"223","1.03127774142571","0.445453222112551","2.31512017476245","positive"
"224","1.03127774142571","0.445453222112551","2.31512017476245","positive"
"225","1.03127774142571","0.445453222112551","2.31512017476245","positive"
"226","1.03127774142571","0.445453222112551","2.31512017476245","positive"
"227","1.03127774142571","0.445453222112551","2.31512017476245","positive"
"228","1.03127774142571","0.445453222112551","2.31512017476245","positive"
"229","1.03127774142571","0.445453222112551","2.31512017476245","positive"
"230","1.03127774142571","0.445453222112551","2.31512017476245","positive"
"231","1.03127774142571","0.445453222112551","2.31512017476245","positive"
"232","1.03127774142571","0.445453222112551","2.31512017476245","positive"
"233","1.03127774142571","0.445453222112551","2.31512017476245","positive"
"234","1.03127774142571","0.445453222112551","2.31512017476245","positive"
"235","1.03127774142571","0.445453222112551","2.31512017476245","positive"
"236","1.03127774142571","0.445453222112551","2.31512017476245","positive"
"237","1.03127774142571","0.445453222112551","2.31512017476245","positive"
"238","1.03127774142571","0.445453222112551","2.31512017476245","positive"
"239","1.03127774142571","0.445453222112551","2.31512017476245","positive"
"240","1.03127774142571","0.445453222112551","2.31512017476245","positive"
"241","1.03127774142571","0.445453222112551","2.31512017476245","positive"
"242","1.03127774142571","0.445453222112551","2.31512017476245","positive"
"243","1.03127774142571","0.445453222112551","2.31512017476245","positive"
"244","1.03127774142571","0.445453222112551","2.31512017476245","positive"
"245","1.03127774142571","0.445453222112551","2.31512017476245","positive"
"246","1.03127774142571","0.445453222112551","2.31512017476245","positive"
"247","1.03127774142571","0.445453222112551","2.31512017476245","positive"
"248","1.03127774142571","0.445453222112551","2.31512017476245","positive"
"249","1.03127774142571","0.445453222112551","2.31512017476245","positive"
"250","1.03127774142571","0.445453222112551","2.31512017476245","positive"
"251","1.03127774142571","0.445453222112551","2.31512017476245","positive"
"252","1.03127774142571","0.445453222112551","2.31512017476245","positive"
"253","1.03127774142571","0.445453222112551","2.31512017476245","positive"
"254","1.03127774142571","0.445453222112551","2.31512017476245","positive"
"255","1.03127774142571","0.445453222112551","2.31512017476245","positive"
"256","1.03127774142571","0.445453222112551","2.31512017476245","positive"
"257","1.03127774142571","0.445453222112551","2.31512017476245","positive"
"258","1.03127774142571","0.445453222112551","2.31512017476245","positive"
"259","1.03127774142571","0.445453222112551","2.31512017476245","positive"
"260","1.03127774142571","0.445453222112551","2.31512017476245","positive"
"261","1.03127774142571","0.445453222112551","2.31512017476245","positive"
"262","1.03127774142571","0.445453222112551","2.31512017476245","positive"
"263","1.03127774142571","0.445453222112551","2.31512017476245","positive"
"264","1.03127774142571","0.445453222112551","2.31512017476245","positive"
"265","1.03127774142571","0.445453222112551","2.31512017476245","positive"
"266","1.03127774142571","0.445453222112551","2.31512017476245","positive"
"267","1.03127774142571","0.445453222112551","2.31512017476245","positive"
"268","1.03127774142571","0.445453222112551","2.31512017476245","positive"
"269","1.03127774142571","0.445453222112551","2.31512017476245","positive"
"270","1.03127774142571","0.445453222112551","2.31512017476245","positive"
"271","1.03127774142571","0.445453222112551","2.31512017476245","positive"
"272","1.03127774142571","0.445453222112551","2.31512017476245","positive"
"273","1.03127774142571","0.445453222112551","2.31512017476245","positive"
"274","1.03127774142571","0.445453222112551","2.31512017476245","positive"
"275","1.03127774142571","0.445453222112551","2.31512017476245","positive"
"276","1.03127774142571","0.445453222112551","2.31512017476245","positive"
"277","1.03127774142571","0.445453222112551","2.31512017476245","positive"
"278","1.03127774142571","0.445453222112551","2.31512017476245","positive"
"279","1.03127774142571","0.445453222112551","2.31512017476245","positive"
"280","1.03127774142571","0.445453222112551","2.31512017476245","positive"
"281","1.03127774142571","0.445453222112551","2.31512017476245","positive"
"282","1.03127774142571","0.445453222112551","2.31512017476245","positive"
"283","1.03127774142571","0.445453222112551","2.31512017476245","positive"
"284","1.03127774142571","0.445453222112551","2.31512017476245","positive"
"285","1.03127774142571","0.445453222112551","2.31512017476245","positive"
"286","1.03127774142571","0.445453222112551","2.31512017476245","positive"
"287","1.03127774142571","0.445453222112551","2.31512017476245","positive"
"288","1.03127774142571","0.445453222112551","2.31512017476245","positive"
"289","1.03127774142571","0.445453222112551","2.31512017476245","positive"
"290","1.03127774142571","0.445453222112551","2.31512017476245","positive"
"291","1.03127774142571","0.445453222112551","2.31512017476245","positive"
"292","1.03127774142571","0.445453222112551","2.31512017476245","positive"
"293","1.03127774142571","0.445453222112551","2.31512017476245","positive"
"294","1.03127774142571","0.445453222112551","2.31512017476245","positive"
"295","1.03127774142571","0.445453222112551","2.31512017476245","positive"
"296","1.03127774142571","0.445453222112551","2.31512017476245","positive"
"297","1.03127774142571","0.445453222112551","2.31512017476245","positive"
"298","1.03127774142571","0.445453222112551","2.31512017476245","positive"
"299","1.03127774142571","0.445453222112551","2.31512017476245","positive"
"300","1.03127774142571","0.445453222112551","2.31512017476245","positive"
"301","1.03127774142571","0.445453222112551","2.31512017476245","positive"
"302","1.03127774142571","0.445453222112551","2.31512017476245","positive"
"303","1.03127774142571","0.445453222112551","2.31512017476245","positive"
"304","1.03127774142571","0.445453222112551","2.31512017476245","positive"
"305","1.03127774142571","0.445453222112551","2.31512017476245","positive"
"306","1.03127774142571","0.445453222112551","2.31512017476245","positive"
"307","1.03127774142571","0.445453222112551","2.31512017476245","positive"
"308","1.03127774142571","0.445453222112551","2.31512017476245","positive"
"309","1.03127774142571","0.445453222112551","2.31512017476245","positive"
"310","1.03127774142571","0.445453222112551","2.31512017476245","positive"
"311","1.03127774142571","0.445453222112551","2.31512017476245","positive"
"312","1.03127774142571","0.445453222112551","2.31512017476245","positive"
"313","1.03127774142571","0.445453222112551","2.31512017476245","positive"
"314","1.03127774142571","0.445453222112551","2.31512017476245","positive"
"315","1.03127774142571","0.445453222112551","2.31512017476245","positive"
"316","1.03127774142571","0.445453222112551","2.31512017476245","positive"
"317","1.03127774142571","0.445453222112551","2.31512017476245","positive"
"318","1.03127774142571","0.445453222112551","2.31512017476245","positive"
"319","1.03127774142571","0.445453222112551","2.31512017476245","positive"
"320","1.03127774142571","0.445453222112551","2.31512017476245","positive"
"321","1.03127774142571","0.445453222112551","2.31512017476245","positive"
"322","1.03127774142571","0.445453222112551","2.31512017476245","positive"
"323","1.03127774142571","0.445453222112551","2.31512017476245","positive"
"324","1.03127774142571","0.445453222112551","2.31512017476245","positive"
"325","1.03127774142571","0.445453222112551","2.31512017476245","positive"
"326","1.03127774142571","0.445453222112551","2.31512017476245","positive"
"327","1.03127774142571","0.445453222112551","2.31512017476245","positive"
"328","1.03127774142571","0.445453222112551","2.31512017476245","positive"
"329","1.03127774142571","0.445453222112551","2.31512017476245","positive"
"330","1.03127774142571","0.445453222112551","2.31512017476245","positive"
"331","1.03127774142571","0.445453222112551","2.31512017476245","positive"
"332","1.03127774142571","0.445453222112551","2.31512017476245","positive"
"333","1.03127774142571","0.445453222112551","2.31512017476245","positive"
"334","1.03127774142571","0.445453222112551","2.31512017476245","positive"
"335","1.03127774142571","0.445453222112551","2.31512017476245","positive"
"336","1.03127774142571","0.445453222112551","2.31512017476245","positive"
"337","1.03127774142571","0.445453222112551","2.31512017476245","positive"
"338","1.03127774142571","0.445453222112551","2.31512017476245","positive"
"339","1.03127774142571","0.445453222112551","2.31512017476245","positive"
"340","1.03127774142571","0.445453222112551","2.31512017476245","positive"
"341","1.03127774142571","0.445453222112551","2.31512017476245","positive"
"342","1.03127774142571","0.445453222112551","2.31512017476245","positive"
"343","1.03127774142571","0.445453222112551","2.31512017476245","positive"
"344","1.03127774142571","0.445453222112551","2.31512017476245","positive"
"345","1.03127774142571","0.445453222112551","2.31512017476245","positive"
"346","1.03127774142571","0.445453222112551","2.31512017476245","positive"
"347","1.03127774142571","0.445453222112551","2.31512017476245","positive"
"348","1.03127774142571","0.445453222112551","2.31512017476245","positive"
"349","1.03127774142571","0.445453222112551","2.31512017476245","positive"
"350","1.03127774142571","0.445453222112551","2.31512017476245","positive"
"351","1.03127774142571","0.445453222112551","2.31512017476245","positive"
"352","1.03127774142571","0.445453222112551","2.31512017476245","positive"
"353","1.03127774142571","0.445453222112551","2.31512017476245","positive"
"354","1.03127774142571","0.445453222112551","2.31512017476245","positive"
"355","1.03127774142571","0.445453222112551","2.31512017476245","positive"
"356","1.03127774142571","0.445453222112551","2.31512017476245","positive"
"357","1.03127774142571","0.445453222112551","2.31512017476245","positive"
"358","1.03127774142571","0.445453222112551","2.31512017476245","positive"
"359","1.03127774142571","0.445453222112551","2.31512017476245","positive"
"360","1.03127774142571","0.445453222112551","2.31512017476245","positive"
"361","1.03127774142571","0.445453222112551","2.31512017476245","positive"
"362","1.03127774142571","0.445453222112551","2.31512017476245","positive"
"363","1.03127774142571","0.445453222112551","2.31512017476245","positive"
"364","1.03127774142571","0.445453222112551","2.31512017476245","positive"
"365","1.03127774142571","0.445453222112551","2.31512017476245","positive"
"366","1.03127774142571","0.445453222112551","2.31512017476245","positive"
"367","1.03127774142571","0.445453222112551","2.31512017476245","positive"
"368","1.03127774142571","0.445453222112551","2.31512017476245","positive"
"369","1.03127774142571","0.445453222112551","2.31512017476245","positive"
"370","1.03127774142571","0.445453222112551","2.31512017476245","positive"
"371","1.03127774142571","0.445453222112551","2.31512017476245","positive"
"372","1.03127774142571","0.445453222112551","2.31512017476245","positive"
"373","1.03127774142571","0.445453222112551","2.31512017476245","positive"
"374","1.03127774142571","0.445453222112551","2.31512017476245","positive"
"375","1.03127774142571","0.445453222112551","2.31512017476245","positive"
"376","1.03127774142571","0.445453222112551","2.31512017476245","positive"
"377","1.03127774142571","0.445453222112551","2.31512017476245","positive"
"378","1.03127774142571","0.445453222112551","2.31512017476245","positive"
"379","1.03127774142571","0.445453222112551","2.31512017476245","positive"
"380","1.03127774142571","0.445453222112551","2.31512017476245","positive"
"381","1.03127774142571","0.445453222112551","2.31512017476245","positive"
"382","1.03127774142571","0.445453222112551","2.31512017476245","positive"
"383","1.03127774142571","0.445453222112551","2.31512017476245","positive"
"384","1.03127774142571","0.445453222112551","2.31512017476245","positive"
"385","1.03127774142571","0.445453222112551","2.31512017476245","positive"
"386","1.03127774142571","0.445453222112551","2.31512017476245","positive"
"387","1.03127774142571","0.445453222112551","2.31512017476245","positive"
"388","1.03127774142571","0.445453222112551","2.31512017476245","positive"
"389","1.03127774142571","0.445453222112551","2.31512017476245","positive"
"390","1.03127774142571","0.445453222112551","2.31512017476245","positive"
"391","1.03127774142571","0.445453222112551","2.31512017476245","positive"
"392","1.03127774142571","0.445453222112551","2.31512017476245","positive"
"393","1.03127774142571","0.445453222112551","2.31512017476245","positive"
"394","1.03127774142571","0.445453222112551","2.31512017476245","positive"
"395","1.03127774142571","0.445453222112551","2.31512017476245","positive"
"396","1.03127774142571","0.445453222112551","2.31512017476245","positive"
"397","1.03127774142571","0.445453222112551","2.31512017476245","positive"
"398","1.03127774142571","0.445453222112551","2.31512017476245","positive"
"399","1.03127774142571","0.445453222112551","2.31512017476245","positive"
"400","1.03127774142571","0.445453222112551","2.31512017476245","positive"
"401","1.03127774142571","0.445453222112551","2.31512017476245","positive"
"402","1.03127774142571","0.445453222112551","2.31512017476245","positive"
"403","1.03127774142571","0.445453222112551","2.31512017476245","positive"
"404","1.03127774142571","0.445453222112551","2.31512017476245","positive"
"405","1.03127774142571","0.445453222112551","2.31512017476245","positive"
"406","1.03127774142571","0.445453222112551","2.31512017476245","positive"
"407","1.03127774142571","0.445453222112551","2.31512017476245","positive"
"408","1.03127774142571","0.445453222112551","2.31512017476245","positive"
"409","1.03127774142571","0.445453222112551","2.31512017476245","positive"
"410","1.03127774142571","0.445453222112551","2.31512017476245","positive"
"411","1.03127774142571","0.445453222112551","2.31512017476245","positive"
"412","1.03127774142571","0.445453222112551","2.31512017476245","positive"
"413","1.03127774142571","0.445453222112551","2.31512017476245","positive"
"414","1.03127774142571","0.445453222112551","2.31512017476245","positive"
"415","1.03127774142571","0.445453222112551","2.31512017476245","positive"
"416","1.03127774142571","0.445453222112551","2.31512017476245","positive"
"417","1.03127774142571","0.445453222112551","2.31512017476245","positive"
"418","1.03127774142571","0.445453222112551","2.31512017476245","positive"
"419","1.03127774142571","0.445453222112551","2.31512017476245","positive"
"420","1.03127774142571","0.445453222112551","2.31512017476245","positive"
"421","1.03127774142571","0.445453222112551","2.31512017476245","positive"
"422","1.03127774142571","0.445453222112551","2.31512017476245","positive"
"423","1.03127774142571","0.445453222112551","2.31512017476245","positive"
"424","1.03127774142571","0.445453222112551","2.31512017476245","positive"
"425","1.03127774142571","0.445453222112551","2.31512017476245","positive"
"426","1.03127774142571","0.445453222112551","2.31512017476245","positive"
"427","1.03127774142571","0.445453222112551","2.31512017476245","positive"
"428","1.03127774142571","0.445453222112551","2.31512017476245","positive"
"429","1.03127774142571","0.445453222112551","2.31512017476245","positive"
"430","1.03127774142571","0.445453222112551","2.31512017476245","positive"
"431","1.03127774142571","0.445453222112551","2.31512017476245","positive"
"432","1.03127774142571","0.445453222112551","2.31512017476245","positive"
"433","1.03127774142571","0.445453222112551","2.31512017476245","positive"
"434","1.03127774142571","0.445453222112551","2.31512017476245","positive"
"435","1.03127774142571","0.445453222112551","2.31512017476245","positive"
"436","1.03127774142571","0.445453222112551","2.31512017476245","positive"
"437","1.03127774142571","0.445453222112551","2.31512017476245","positive"
"438","1.03127774142571","0.445453222112551","2.31512017476245","positive"
"439","1.03127774142571","0.445453222112551","2.31512017476245","positive"
"440","1.03127774142571","0.445453222112551","2.31512017476245","positive"
"441","1.03127774142571","0.445453222112551","2.31512017476245","positive"
"442","1.03127774142571","0.445453222112551","2.31512017476245","positive"
"443","1.03127774142571","0.445453222112551","2.31512017476245","positive"
"444","1.03127774142571","0.445453222112551","2.31512017476245","positive"
"445","1.03127774142571","0.445453222112551","2.31512017476245","positive"
"446","1.03127774142571","0.445453222112551","2.31512017476245","positive"
"447","1.03127774142571","0.445453222112551","2.31512017476245","positive"
"448","1.03127774142571","0.445453222112551","2.31512017476245","positive"
"449","1.03127774142571","0.445453222112551","2.31512017476245","positive"
"450","1.03127774142571","0.445453222112551","2.31512017476245","positive"
"451","1.03127774142571","0.445453222112551","2.31512017476245","positive"
"452","1.03127774142571","0.445453222112551","2.31512017476245","positive"
"453","1.03127774142571","0.445453222112551","2.31512017476245","positive"
"454","1.03127774142571","0.445453222112551","2.31512017476245","positive"
"455","1.03127774142571","0.445453222112551","2.31512017476245","positive"
"456","1.03127774142571","0.445453222112551","2.31512017476245","positive"
"457","1.03127774142571","0.445453222112551","2.31512017476245","positive"
"458","1.03127774142571","0.445453222112551","2.31512017476245","positive"
"459","1.03127774142571","0.445453222112551","2.31512017476245","positive"
"460","1.03127774142571","0.445453222112551","2.31512017476245","positive"
"461","1.03127774142571","0.445453222112551","2.31512017476245","positive"
"462","1.03127774142571","0.445453222112551","2.31512017476245","positive"
"463","1.03127774142571","0.445453222112551","2.31512017476245","positive"
"464","1.03127774142571","0.445453222112551","2.31512017476245","positive"
"465","1.03127774142571","0.445453222112551","2.31512017476245","positive"
"466","1.03127774142571","0.445453222112551","2.31512017476245","positive"
"467","1.03127774142571","0.445453222112551","2.31512017476245","positive"
"468","1.03127774142571","0.445453222112551","2.31512017476245","positive"
"469","1.03127774142571","0.445453222112551","2.31512017476245","positive"
"470","1.03127774142571","0.445453222112551","2.31512017476245","positive"
"471","1.03127774142571","0.445453222112551","2.31512017476245","positive"
"472","1.03127774142571","0.445453222112551","2.31512017476245","positive"
"473","1.03127774142571","0.445453222112551","2.31512017476245","positive"
"474","1.03127774142571","0.445453222112551","2.31512017476245","positive"
"475","1.03127774142571","0.445453222112551","2.31512017476245","positive"
"476","1.03127774142571","0.445453222112551","2.31512017476245","positive"
"477","1.03127774142571","0.445453222112551","2.31512017476245","positive"
"478","1.03127774142571","0.445453222112551","2.31512017476245","positive"
"479","1.03127774142571","0.445453222112551","2.31512017476245","positive"
"480","1.03127774142571","0.445453222112551","2.31512017476245","positive"
"481","1.03127774142571","0.445453222112551","2.31512017476245","positive"
"482","1.03127774142571","0.445453222112551","2.31512017476245","positive"
"483","1.03127774142571","0.445453222112551","2.31512017476245","positive"
"484","1.03127774142571","0.445453222112551","2.31512017476245","positive"
"485","1.03127774142571","0.445453222112551","2.31512017476245","positive"
"486","1.03127774142571","0.445453222112551","2.31512017476245","positive"
"487","1.03127774142571","0.445453222112551","2.31512017476245","positive"
"488","1.03127774142571","0.445453222112551","2.31512017476245","positive"
"489","1.03127774142571","0.445453222112551","2.31512017476245","positive"
"490","1.03127774142571","0.445453222112551","2.31512017476245","positive"
"491","1.03127774142571","0.445453222112551","2.31512017476245","positive"
"492","1.03127774142571","0.445453222112551","2.31512017476245","positive"
"493","1.03127774142571","0.445453222112551","2.31512017476245","positive"
"494","1.03127774142571","0.445453222112551","2.31512017476245","positive"
"495","1.03127774142571","0.445453222112551","2.31512017476245","positive"
"496","1.03127774142571","0.445453222112551","2.31512017476245","positive"
"497","1.03127774142571","0.445453222112551","2.31512017476245","positive"
"498","1.03127774142571","0.445453222112551","2.31512017476245","positive"
"499","1.03127774142571","0.445453222112551","2.31512017476245","positive"
"500","1.03127774142571","0.445453222112551","2.31512017476245","positive"
"501","1.03127774142571","0.445453222112551","2.31512017476245","positive"
"502","1.03127774142571","0.445453222112551","2.31512017476245","positive"
"503","1.03127774142571","0.445453222112551","2.31512017476245","positive"
"504","1.03127774142571","0.445453222112551","2.31512017476245","positive"
"505","1.03127774142571","0.445453222112551","2.31512017476245","positive"
"506","1.03127774142571","0.445453222112551","2.31512017476245","positive"
"507","1.03127774142571","0.445453222112551","2.31512017476245","positive"
"508","1.03127774142571","0.445453222112551","2.31512017476245","positive"
"509","1.03127774142571","0.445453222112551","2.31512017476245","positive"
"510","1.03127774142571","0.445453222112551","2.31512017476245","positive"
"511","1.03127774142571","0.445453222112551","2.31512017476245","positive"
"512","1.03127774142571","0.445453222112551","2.31512017476245","positive"
"513","1.03127774142571","0.445453222112551","2.31512017476245","positive"
"514","1.03127774142571","0.445453222112551","2.31512017476245","positive"
"515","1.03127774142571","0.445453222112551","2.31512017476245","positive"
"516","1.03127774142571","0.445453222112551","2.31512017476245","positive"
"517","1.03127774142571","0.445453222112551","2.31512017476245","positive"
"518","1.03127774142571","0.445453222112551","2.31512017476245","positive"
"519","1.03127774142571","0.445453222112551","2.31512017476245","positive"
"520","1.03127774142571","0.445453222112551","2.31512017476245","positive"
"521","1.03127774142571","0.445453222112551","2.31512017476245","positive"
"522","1.03127774142571","0.445453222112551","2.31512017476245","positive"
"523","1.03127774142571","0.445453222112551","2.31512017476245","positive"
"524","1.03127774142571","0.445453222112551","2.31512017476245","positive"
"525","1.03127774142571","0.445453222112551","2.31512017476245","positive"
"526","1.03127774142571","0.445453222112551","2.31512017476245","positive"
"527","1.03127774142571","0.445453222112551","2.31512017476245","positive"
"528","1.03127774142571","0.445453222112551","2.31512017476245","positive"
"529","1.03127774142571","0.445453222112551","2.31512017476245","positive"
"530","1.03127774142571","0.445453222112551","2.31512017476245","positive"
"531","1.03127774142571","0.445453222112551","2.31512017476245","positive"
"532","1.03127774142571","0.445453222112551","2.31512017476245","positive"
"533","1.03127774142571","0.445453222112551","2.31512017476245","positive"
"534","1.03127774142571","0.445453222112551","2.31512017476245","positive"
"535","1.03127774142571","0.445453222112551","2.31512017476245","positive"
"536","1.03127774142571","0.445453222112551","2.31512017476245","positive"
"537","1.03127774142571","0.445453222112551","2.31512017476245","positive"
"538","1.03127774142571","0.445453222112551","2.31512017476245","positive"
"539","1.03127774142571","0.445453222112551","2.31512017476245","positive"
"540","1.03127774142571","0.445453222112551","2.31512017476245","positive"
"541","1.03127774142571","0.445453222112551","2.31512017476245","positive"
"542","1.03127774142571","0.445453222112551","2.31512017476245","positive"
"543","1.03127774142571","0.445453222112551","2.31512017476245","positive"
"544","1.03127774142571","0.445453222112551","2.31512017476245","positive"
"545","1.03127774142571","0.445453222112551","2.31512017476245","positive"
"546","1.03127774142571","0.445453222112551","2.31512017476245","positive"
"547","1.03127774142571","0.445453222112551","2.31512017476245","positive"
"548","1.03127774142571","0.445453222112551","2.31512017476245","positive"
"549","1.03127774142571","0.445453222112551","2.31512017476245","positive"
"550","1.03127774142571","0.445453222112551","2.31512017476245","positive"
"551","1.03127774142571","0.445453222112551","2.31512017476245","positive"
"552","1.03127774142571","0.445453222112551","2.31512017476245","positive"
"553","1.03127774142571","0.445453222112551","2.31512017476245","positive"
"554","1.03127774142571","0.445453222112551","2.31512017476245","positive"
"555","1.03127774142571","0.445453222112551","2.31512017476245","positive"
"556","1.03127774142571","0.445453222112551","2.31512017476245","positive"
"557","1.03127774142571","0.445453222112551","2.31512017476245","positive"
"558","1.03127774142571","0.445453222112551","2.31512017476245","positive"
"559","1.03127774142571","0.445453222112551","2.31512017476245","positive"
"560","1.03127774142571","0.445453222112551","2.31512017476245","positive"
"561","1.03127774142571","0.445453222112551","2.31512017476245","positive"
"562","1.03127774142571","0.445453222112551","2.31512017476245","positive"
"563","1.03127774142571","0.445453222112551","2.31512017476245","positive"
"564","1.03127774142571","0.445453222112551","2.31512017476245","positive"
"565","1.03127774142571","0.445453222112551","2.31512017476245","positive"
"566","1.03127774142571","0.445453222112551","2.31512017476245","positive"
"567","1.03127774142571","0.445453222112551","2.31512017476245","positive"
"568","1.03127774142571","0.445453222112551","2.31512017476245","positive"
"569","1.03127774142571","0.445453222112551","2.31512017476245","positive"
"570","1.03127774142571","0.445453222112551","2.31512017476245","positive"
"571","1.03127774142571","0.445453222112551","2.31512017476245","positive"
"572","1.03127774142571","0.445453222112551","2.31512017476245","positive"
"573","1.03127774142571","0.445453222112551","2.31512017476245","positive"
"574","1.03127774142571","0.445453222112551","2.31512017476245","positive"
"575","1.03127774142571","0.445453222112551","2.31512017476245","positive"
"576","1.03127774142571","0.445453222112551","2.31512017476245","positive"
"577","1.03127774142571","0.445453222112551","2.31512017476245","positive"
"578","1.03127774142571","0.445453222112551","2.31512017476245","positive"
"579","1.03127774142571","0.445453222112551","2.31512017476245","positive"
"580","1.03127774142571","0.445453222112551","2.31512017476245","positive"
"581","1.03127774142571","0.445453222112551","2.31512017476245","positive"
"582","1.03127774142571","0.445453222112551","2.31512017476245","positive"
"583","1.03127774142571","0.445453222112551","2.31512017476245","positive"
"584","1.03127774142571","0.445453222112551","2.31512017476245","positive"
"585","1.03127774142571","0.445453222112551","2.31512017476245","positive"
"586","1.03127774142571","0.445453222112551","2.31512017476245","positive"
"587","1.03127774142571","0.445453222112551","2.31512017476245","positive"
"588","1.03127774142571","0.445453222112551","2.31512017476245","positive"
"589","1.03127774142571","0.445453222112551","2.31512017476245","positive"
"590","1.03127774142571","0.445453222112551","2.31512017476245","positive"
"591","1.03127774142571","0.445453222112551","2.31512017476245","positive"
"592","1.03127774142571","0.445453222112551","2.31512017476245","positive"
"593","1.03127774142571","0.445453222112551","2.31512017476245","positive"
"594","1.03127774142571","0.445453222112551","2.31512017476245","positive"
"595","1.03127774142571","0.445453222112551","2.31512017476245","positive"
"596","1.03127774142571","0.445453222112551","2.31512017476245","positive"
"597","1.03127774142571","0.445453222112551","2.31512017476245","positive"
"598","1.03127774142571","0.445453222112551","2.31512017476245","positive"
"599","1.03127774142571","0.445453222112551","2.31512017476245","positive"
"600","1.03127774142571","0.445453222112551","2.31512017476245","positive"
"601","1.03127774142571","0.445453222112551","2.31512017476245","positive"
"602","1.03127774142571","0.445453222112551","2.31512017476245","positive"
"603","1.03127774142571","0.445453222112551","2.31512017476245","positive"
"604","1.03127774142571","0.445453222112551","2.31512017476245","positive"
"605","1.03127774142571","0.445453222112551","2.31512017476245","positive"
"606","1.03127774142571","0.445453222112551","2.31512017476245","positive"
"607","1.03127774142571","0.445453222112551","2.31512017476245","positive"
"608","1.03127774142571","0.445453222112551","2.31512017476245","positive"
"609","1.03127774142571","0.445453222112551","2.31512017476245","positive"
"610","1.03127774142571","0.445453222112551","2.31512017476245","positive"
"611","1.03127774142571","0.445453222112551","2.31512017476245","positive"
"612","1.03127774142571","0.445453222112551","2.31512017476245","positive"
"613","1.03127774142571","0.445453222112551","2.31512017476245","positive"
"614","1.03127774142571","0.445453222112551","2.31512017476245","positive"
"615","1.03127774142571","0.445453222112551","2.31512017476245","positive"
"616","1.03127774142571","0.445453222112551","2.31512017476245","positive"
"617","1.03127774142571","0.445453222112551","2.31512017476245","positive"
"618","1.03127774142571","0.445453222112551","2.31512017476245","positive"
"619","1.03127774142571","0.445453222112551","2.31512017476245","positive"
"620","1.03127774142571","0.445453222112551","2.31512017476245","positive"
"621","1.03127774142571","0.445453222112551","2.31512017476245","positive"
"622","1.03127774142571","0.445453222112551","2.31512017476245","positive"
"623","1.03127774142571","0.445453222112551","2.31512017476245","positive"
"624","1.03127774142571","0.445453222112551","2.31512017476245","positive"
"625","1.03127774142571","0.445453222112551","2.31512017476245","positive"
"626","1.03127774142571","0.445453222112551","2.31512017476245","positive"
"627","1.03127774142571","0.445453222112551","2.31512017476245","positive"
"628","1.03127774142571","0.445453222112551","2.31512017476245","positive"
"629","1.03127774142571","0.445453222112551","2.31512017476245","positive"
"630","1.03127774142571","0.445453222112551","2.31512017476245","positive"
"631","1.03127774142571","0.445453222112551","2.31512017476245","positive"
"632","1.03127774142571","0.445453222112551","2.31512017476245","positive"
"633","1.03127774142571","0.445453222112551","2.31512017476245","positive"
"634","1.03127774142571","0.445453222112551","2.31512017476245","positive"
"635","1.03127774142571","0.445453222112551","2.31512017476245","positive"
"636","1.03127774142571","0.445453222112551","2.31512017476245","positive"
"637","1.03127774142571","0.445453222112551","2.31512017476245","positive"
"638","1.03127774142571","0.445453222112551","2.31512017476245","positive"
"639","1.03127774142571","0.445453222112551","2.31512017476245","positive"
"640","1.03127774142571","0.445453222112551","2.31512017476245","positive"
"641","1.03127774142571","0.445453222112551","2.31512017476245","positive"
"642","1.03127774142571","0.445453222112551","2.31512017476245","positive"
"643","1.03127774142571","0.445453222112551","2.31512017476245","positive"
"644","1.03127774142571","0.445453222112551","2.31512017476245","positive"
"645","1.03127774142571","0.445453222112551","2.31512017476245","positive"
"646","1.03127774142571","0.445453222112551","2.31512017476245","positive"
"647","1.03127774142571","0.445453222112551","2.31512017476245","positive"
"648","1.03127774142571","0.445453222112551","2.31512017476245","positive"
"649","1.03127774142571","0.445453222112551","2.31512017476245","positive"
"650","1.03127774142571","0.445453222112551","2.31512017476245","positive"
"651","1.03127774142571","0.445453222112551","2.31512017476245","positive"
"652","1.03127774142571","0.445453222112551","2.31512017476245","positive"
"653","1.03127774142571","0.445453222112551","2.31512017476245","positive"
"654","1.03127774142571","0.445453222112551","2.31512017476245","positive"
"655","1.03127774142571","0.445453222112551","2.31512017476245","positive"
"656","1.03127774142571","0.445453222112551","2.31512017476245","positive"
"657","1.03127774142571","0.445453222112551","2.31512017476245","positive"
"658","1.03127774142571","0.445453222112551","2.31512017476245","positive"
"659","1.03127774142571","0.445453222112551","2.31512017476245","positive"
"660","1.03127774142571","0.445453222112551","2.31512017476245","positive"
"661","1.03127774142571","0.445453222112551","2.31512017476245","positive"
"662","1.03127774142571","0.445453222112551","2.31512017476245","positive"
"663","1.03127774142571","0.445453222112551","2.31512017476245","positive"
"664","1.03127774142571","0.445453222112551","2.31512017476245","positive"
"665","1.03127774142571","0.445453222112551","2.31512017476245","positive"
"666","1.03127774142571","0.445453222112551","2.31512017476245","positive"
"667","1.03127774142571","0.445453222112551","2.31512017476245","positive"
"668","1.03127774142571","0.445453222112551","2.31512017476245","positive"
"669","1.03127774142571","0.445453222112551","2.31512017476245","positive"
"670","1.03127774142571","0.445453222112551","2.31512017476245","positive"
"671","1.03127774142571","0.445453222112551","2.31512017476245","positive"
"672","1.03127774142571","0.445453222112551","2.31512017476245","positive"
"673","1.03127774142571","0.445453222112551","2.31512017476245","positive"
"674","1.03127774142571","0.445453222112551","2.31512017476245","positive"
"675","1.03127774142571","0.445453222112551","2.31512017476245","positive"
"676","1.03127774142571","0.445453222112551","2.31512017476245","positive"
"677","1.03127774142571","0.445453222112551","2.31512017476245","positive"
"678","1.03127774142571","0.445453222112551","2.31512017476245","positive"
"679","1.03127774142571","0.445453222112551","2.31512017476245","positive"
"680","1.03127774142571","0.445453222112551","2.31512017476245","positive"
"681","1.03127774142571","0.445453222112551","2.31512017476245","positive"
"682","1.03127774142571","0.445453222112551","2.31512017476245","positive"
"683","1.03127774142571","0.445453222112551","2.31512017476245","positive"
"684","1.03127774142571","0.445453222112551","2.31512017476245","positive"
"685","1.03127774142571","0.445453222112551","2.31512017476245","positive"
"686","1.03127774142571","0.445453222112551","2.31512017476245","positive"
"687","1.03127774142571","0.445453222112551","2.31512017476245","positive"
"688","1.03127774142571","0.445453222112551","2.31512017476245","positive"
"689","1.03127774142571","0.445453222112551","2.31512017476245","positive"
"690","1.03127774142571","0.445453222112551","2.31512017476245","positive"
"691","1.03127774142571","0.445453222112551","2.31512017476245","positive"
"692","1.03127774142571","0.445453222112551","2.31512017476245","positive"
"693","1.03127774142571","0.445453222112551","2.31512017476245","positive"
"694","1.03127774142571","0.445453222112551","2.31512017476245","positive"
"695","1.03127774142571","0.445453222112551","2.31512017476245","positive"
"696","1.03127774142571","0.445453222112551","2.31512017476245","positive"
"697","1.03127774142571","0.445453222112551","2.31512017476245","positive"
"698","1.03127774142571","0.445453222112551","2.31512017476245","positive"
"699","1.03127774142571","0.445453222112551","2.31512017476245","positive"
"700","1.03127774142571","0.445453222112551","2.31512017476245","positive"
"701","1.03127774142571","0.445453222112551","2.31512017476245","positive"
"702","1.03127774142571","0.445453222112551","2.31512017476245","positive"
"703","1.03127774142571","0.445453222112551","2.31512017476245","positive"
"704","1.03127774142571","0.445453222112551","2.31512017476245","positive"
"705","1.03127774142571","0.445453222112551","2.31512017476245","positive"
"706","1.03127774142571","0.445453222112551","2.31512017476245","positive"
"707","1.03127774142571","0.445453222112551","2.31512017476245","positive"
"708","1.03127774142571","0.445453222112551","2.31512017476245","positive"
"709","1.03127774142571","0.445453222112551","2.31512017476245","positive"
"710","1.03127774142571","0.445453222112551","2.31512017476245","positive"
"711","1.03127774142571","0.445453222112551","2.31512017476245","positive"
"712","1.03127774142571","0.445453222112551","2.31512017476245","positive"
"713","1.03127774142571","0.445453222112551","2.31512017476245","positive"
"714","1.03127774142571","0.445453222112551","2.31512017476245","positive"
"715","1.03127774142571","0.445453222112551","2.31512017476245","positive"
"716","1.03127774142571","0.445453222112551","2.31512017476245","positive"
"717","1.03127774142571","0.445453222112551","2.31512017476245","positive"
"718","1.03127774142571","0.445453222112551","2.31512017476245","positive"
"719","1.03127774142571","0.445453222112551","2.31512017476245","positive"
"720","1.03127774142571","0.445453222112551","2.31512017476245","positive"
"721","1.03127774142571","0.445453222112551","2.31512017476245","positive"
"722","1.03127774142571","0.445453222112551","2.31512017476245","positive"
"723","1.03127774142571","0.445453222112551","2.31512017476245","positive"
"724","1.03127774142571","0.445453222112551","2.31512017476245","positive"
"725","1.03127774142571","0.445453222112551","2.31512017476245","positive"
"726","1.03127774142571","0.445453222112551","2.31512017476245","positive"
"727","1.03127774142571","0.445453222112551","2.31512017476245","positive"
"728","1.03127774142571","0.445453222112551","2.31512017476245","positive"
"729","1.03127774142571","0.445453222112551","2.31512017476245","positive"
"730","1.03127774142571","0.445453222112551","2.31512017476245","positive"
"731","1.03127774142571","0.445453222112551","2.31512017476245","positive"
"732","1.03127774142571","0.445453222112551","2.31512017476245","positive"
"733","1.03127774142571","0.445453222112551","2.31512017476245","positive"
"734","1.03127774142571","0.445453222112551","2.31512017476245","positive"
"735","1.03127774142571","0.445453222112551","2.31512017476245","positive"
"736","1.03127774142571","0.445453222112551","2.31512017476245","positive"
"737","1.03127774142571","0.445453222112551","2.31512017476245","positive"
"738","1.03127774142571","0.445453222112551","2.31512017476245","positive"
"739","1.03127774142571","0.445453222112551","2.31512017476245","positive"
"740","1.03127774142571","0.445453222112551","2.31512017476245","positive"
"741","1.03127774142571","0.445453222112551","2.31512017476245","positive"
"742","1.03127774142571","0.445453222112551","2.31512017476245","positive"
"743","1.03127774142571","0.445453222112551","2.31512017476245","positive"
"744","1.03127774142571","0.445453222112551","2.31512017476245","positive"
"745","1.03127774142571","0.445453222112551","2.31512017476245","positive"
"746","1.03127774142571","0.445453222112551","2.31512017476245","positive"
"747","1.03127774142571","0.445453222112551","2.31512017476245","positive"
"748","1.03127774142571","0.445453222112551","2.31512017476245","positive"
"749","1.03127774142571","0.445453222112551","2.31512017476245","positive"
"750","1.03127774142571","0.445453222112551","2.31512017476245","positive"
"751","1.03127774142571","0.445453222112551","2.31512017476245","positive"
"752","1.03127774142571","0.445453222112551","2.31512017476245","positive"
"753","1.03127774142571","0.445453222112551","2.31512017476245","positive"
"754","1.03127774142571","0.445453222112551","2.31512017476245","positive"
"755","1.03127774142571","0.445453222112551","2.31512017476245","positive"
"756","1.03127774142571","0.445453222112551","2.31512017476245","positive"
"757","1.03127774142571","0.445453222112551","2.31512017476245","positive"
"758","1.03127774142571","0.445453222112551","2.31512017476245","positive"
"759","1.03127774142571","0.445453222112551","2.31512017476245","positive"
"760","1.03127774142571","0.445453222112551","2.31512017476245","positive"
"761","1.03127774142571","0.445453222112551","2.31512017476245","positive"
"762","1.03127774142571","0.445453222112551","2.31512017476245","positive"
"763","1.03127774142571","0.445453222112551","2.31512017476245","positive"
"764","1.03127774142571","0.445453222112551","2.31512017476245","positive"
"765","1.03127774142571","0.445453222112551","2.31512017476245","positive"
"766","1.03127774142571","0.445453222112551","2.31512017476245","positive"
"767","1.03127774142571","0.445453222112551","2.31512017476245","positive"
"768","1.03127774142571","0.445453222112551","2.31512017476245","positive"
"769","1.03127774142571","0.445453222112551","2.31512017476245","positive"
"770","1.03127774142571","0.445453222112551","2.31512017476245","positive"
"771","1.03127774142571","0.445453222112551","2.31512017476245","positive"
"772","1.03127774142571","0.445453222112551","2.31512017476245","positive"
"773","1.03127774142571","0.445453222112551","2.31512017476245","positive"
"774","1.03127774142571","0.445453222112551","2.31512017476245","positive"
"775","1.03127774142571","0.445453222112551","2.31512017476245","positive"
"776","1.03127774142571","0.445453222112551","2.31512017476245","positive"
"777","1.03127774142571","0.445453222112551","2.31512017476245","positive"
"778","1.03127774142571","0.445453222112551","2.31512017476245","positive"
"779","1.03127774142571","0.445453222112551","2.31512017476245","positive"
"780","1.03127774142571","0.445453222112551","2.31512017476245","positive"
"781","1.03127774142571","0.445453222112551","2.31512017476245","positive"
"782","1.03127774142571","0.445453222112551","2.31512017476245","positive"
"783","1.03127774142571","0.445453222112551","2.31512017476245","positive"
"784","1.03127774142571","0.445453222112551","2.31512017476245","positive"
"785","1.03127774142571","0.445453222112551","2.31512017476245","positive"
"786","1.03127774142571","0.445453222112551","2.31512017476245","positive"
"787","1.03127774142571","0.445453222112551","2.31512017476245","positive"
"788","1.03127774142571","0.445453222112551","2.31512017476245","positive"
"789","1.03127774142571","0.445453222112551","2.31512017476245","positive"
"790","1.03127774142571","0.445453222112551","2.31512017476245","positive"
"791","1.03127774142571","0.445453222112551","2.31512017476245","positive"
"792","1.03127774142571","0.445453222112551","2.31512017476245","positive"
"793","1.03127774142571","0.445453222112551","2.31512017476245","positive"
"794","1.03127774142571","0.445453222112551","2.31512017476245","positive"
"795","1.03127774142571","0.445453222112551","2.31512017476245","positive"
"796","1.03127774142571","0.445453222112551","2.31512017476245","positive"
"797","1.03127774142571","0.445453222112551","2.31512017476245","positive"
"798","1.03127774142571","0.445453222112551","2.31512017476245","positive"
"799","1.03127774142571","0.445453222112551","2.31512017476245","positive"
"800","1.03127774142571","0.445453222112551","2.31512017476245","positive"
"801","1.03127774142571","0.445453222112551","2.31512017476245","positive"
"802","1.03127774142571","0.445453222112551","2.31512017476245","positive"
"803","1.03127774142571","0.445453222112551","2.31512017476245","positive"
"804","1.03127774142571","0.445453222112551","2.31512017476245","positive"
"805","1.03127774142571","0.445453222112551","2.31512017476245","positive"
"806","1.03127774142571","0.445453222112551","2.31512017476245","positive"
"807","1.03127774142571","0.445453222112551","2.31512017476245","positive"
"808","1.03127774142571","0.445453222112551","2.31512017476245","positive"
"809","1.03127774142571","0.445453222112551","2.31512017476245","positive"
"810","1.03127774142571","0.445453222112551","2.31512017476245","positive"
"811","1.03127774142571","0.445453222112551","2.31512017476245","positive"
"812","1.03127774142571","0.445453222112551","2.31512017476245","positive"
"813","1.03127774142571","0.445453222112551","2.31512017476245","positive"
"814","1.03127774142571","0.445453222112551","2.31512017476245","positive"
"815","1.03127774142571","0.445453222112551","2.31512017476245","positive"
"816","1.03127774142571","0.445453222112551","2.31512017476245","positive"
"817","1.03127774142571","0.445453222112551","2.31512017476245","positive"
"818","1.03127774142571","0.445453222112551","2.31512017476245","positive"
"819","1.03127774142571","0.445453222112551","2.31512017476245","positive"
"820","1.03127774142571","0.445453222112551","2.31512017476245","positive"
"821","1.03127774142571","0.445453222112551","2.31512017476245","positive"
"822","1.03127774142571","0.445453222112551","2.31512017476245","positive"
"823","1.03127774142571","0.445453222112551","2.31512017476245","positive"
"824","1.03127774142571","0.445453222112551","2.31512017476245","positive"
"825","1.03127774142571","0.445453222112551","2.31512017476245","positive"
"826","1.03127774142571","0.445453222112551","2.31512017476245","positive"
"827","1.03127774142571","0.445453222112551","2.31512017476245","positive"
"828","1.03127774142571","0.445453222112551","2.31512017476245","positive"
"829","1.03127774142571","0.445453222112551","2.31512017476245","positive"
"830","1.03127774142571","0.445453222112551","2.31512017476245","positive"
"831","1.03127774142571","0.445453222112551","2.31512017476245","positive"
"832","1.03127774142571","0.445453222112551","2.31512017476245","positive"
"833","1.03127774142571","0.445453222112551","2.31512017476245","positive"
"834","1.03127774142571","0.445453222112551","2.31512017476245","positive"
"835","1.03127774142571","0.445453222112551","2.31512017476245","positive"
"836","1.03127774142571","0.445453222112551","2.31512017476245","positive"
"837","1.03127774142571","0.445453222112551","2.31512017476245","positive"
"838","1.03127774142571","0.445453222112551","2.31512017476245","positive"
"839","1.03127774142571","0.445453222112551","2.31512017476245","positive"
"840","1.03127774142571","0.445453222112551","2.31512017476245","positive"
"841","1.03127774142571","0.445453222112551","2.31512017476245","positive"
"842","1.03127774142571","0.445453222112551","2.31512017476245","positive"
"843","1.03127774142571","0.445453222112551","2.31512017476245","positive"
"844","1.03127774142571","0.445453222112551","2.31512017476245","positive"
"845","1.03127774142571","0.445453222112551","2.31512017476245","positive"
"846","1.03127774142571","0.445453222112551","2.31512017476245","positive"
"847","1.03127774142571","0.445453222112551","2.31512017476245","positive"
"848","1.03127774142571","0.445453222112551","2.31512017476245","positive"
"849","1.03127774142571","0.445453222112551","2.31512017476245","positive"
"850","1.03127774142571","0.445453222112551","2.31512017476245","positive"
"851","1.03127774142571","0.445453222112551","2.31512017476245","positive"
"852","1.03127774142571","0.445453222112551","2.31512017476245","positive"
"853","1.03127774142571","0.445453222112551","2.31512017476245","positive"
"854","1.03127774142571","0.445453222112551","2.31512017476245","positive"
"855","1.03127774142571","0.445453222112551","2.31512017476245","positive"
"856","1.03127774142571","0.445453222112551","2.31512017476245","positive"
"857","1.03127774142571","0.445453222112551","2.31512017476245","positive"
"858","1.03127774142571","0.445453222112551","2.31512017476245","positive"
"859","1.03127774142571","0.445453222112551","2.31512017476245","positive"
"860","1.03127774142571","0.445453222112551","2.31512017476245","positive"
"861","1.03127774142571","0.445453222112551","2.31512017476245","positive"
"862","1.03127774142571","0.445453222112551","2.31512017476245","positive"
"863","1.03127774142571","0.445453222112551","2.31512017476245","positive"
"864","1.03127774142571","0.445453222112551","2.31512017476245","positive"
"865","1.03127774142571","0.445453222112551","2.31512017476245","positive"
"866","1.03127774142571","0.445453222112551","2.31512017476245","positive"
"867","1.03127774142571","0.445453222112551","2.31512017476245","positive"
"868","1.03127774142571","0.445453222112551","2.31512017476245","positive"
"869","1.03127774142571","0.445453222112551","2.31512017476245","positive"
"870","1.03127774142571","0.445453222112551","2.31512017476245","positive"
"871","1.03127774142571","0.445453222112551","2.31512017476245","positive"
"872","1.03127774142571","0.445453222112551","2.31512017476245","positive"
"873","1.03127774142571","0.445453222112551","2.31512017476245","positive"
"874","1.03127774142571","0.445453222112551","2.31512017476245","positive"
"875","1.03127774142571","0.445453222112551","2.31512017476245","positive"
"876","1.03127774142571","0.445453222112551","2.31512017476245","positive"
"877","1.03127774142571","0.445453222112551","2.31512017476245","positive"
"878","1.03127774142571","0.445453222112551","2.31512017476245","positive"
"879","1.03127774142571","0.445453222112551","2.31512017476245","positive"
"880","1.03127774142571","0.445453222112551","2.31512017476245","positive"
"881","1.03127774142571","0.445453222112551","2.31512017476245","positive"
"882","1.03127774142571","0.445453222112551","2.31512017476245","positive"
"883","1.03127774142571","0.445453222112551","2.31512017476245","positive"
"884","1.03127774142571","0.445453222112551","2.31512017476245","positive"
"885","1.03127774142571","0.445453222112551","2.31512017476245","positive"
"886","1.03127774142571","0.445453222112551","2.31512017476245","positive"
"887","1.03127774142571","0.445453222112551","2.31512017476245","positive"
"888","1.03127774142571","0.445453222112551","2.31512017476245","positive"
"889","1.03127774142571","0.445453222112551","2.31512017476245","positive"
"890","1.03127774142571","0.445453222112551","2.31512017476245","positive"
"891","1.03127774142571","0.445453222112551","2.31512017476245","positive"
"892","1.03127774142571","0.445453222112551","2.31512017476245","positive"
"893","1.03127774142571","0.445453222112551","2.31512017476245","positive"
"894","1.03127774142571","0.445453222112551","2.31512017476245","positive"
"895","1.03127774142571","0.445453222112551","2.31512017476245","positive"
"896","1.03127774142571","0.445453222112551","2.31512017476245","positive"
"897","1.03127774142571","0.445453222112551","2.31512017476245","positive"
"898","1.03127774142571","0.445453222112551","2.31512017476245","positive"
"899","1.03127774142571","0.445453222112551","2.31512017476245","positive"
"900","1.03127774142571","0.445453222112551","2.31512017476245","positive"
"901","1.03127774142571","8.78232285939751","0.117426534862834","negative"
"902","1.03127774142571","8.78232285939751","0.117426534862834","negative"
"903","9.47547003995745","8.78232285939751","1.07892526745566","neutral"
"904","1.03127774142571","25.4560621339674","0.040512068834465","negative"
"905","1.03127774142571","8.78232285939751","0.117426534862834","negative"
"906","9.47547003995745","8.78232285939751","1.07892526745566","neutral"
"907","1.03127774142571","8.78232285939751","0.117426534862834","negative"
"908","1.03127774142571","8.78232285939751","0.117426534862834","negative"
"909","1.03127774142571","8.78232285939751","0.117426534862834","negative"
"910","1.03127774142571","8.78232285939751","0.117426534862834","negative"
"911","1.03127774142571","8.78232285939751","0.117426534862834","negative"
"912","1.03127774142571","8.78232285939751","0.117426534862834","negative"
"913","1.03127774142571","8.78232285939751","0.117426534862834","negative"
"914","1.03127774142571","8.78232285939751","0.117426534862834","negative"
"915","1.03127774142571","8.78232285939751","0.117426534862834","negative"
"916","1.03127774142571","8.78232285939751","0.117426534862834","negative"
"917","1.03127774142571","8.78232285939751","0.117426534862834","negative"
"918","1.03127774142571","8.78232285939751","0.117426534862834","negative"
"919","1.03127774142571","8.78232285939751","0.117426534862834","negative"
"920","1.03127774142571","8.78232285939751","0.117426534862834","negative"
"921","1.03127774142571","8.78232285939751","0.117426534862834","negative"
"922","9.47547003995745","9.47547003995745","1","neutral"
"923","1.03127774142571","8.78232285939751","0.117426534862834","negative"
"924","1.03127774142571","8.78232285939751","0.117426534862834","negative"
"925","1.03127774142571","8.78232285939751","0.117426534862834","negative"
"926","17.2265151579293","8.78232285939751","1.96149873259283","positive"
"927","9.47547003995745","8.78232285939751","1.07892526745566","neutral"
"928","1.03127774142571","8.78232285939751","0.117426534862834","negative"
"929","1.03127774142571","8.78232285939751","0.117426534862834","negative"
"930","8.78232285939751","8.78232285939751","1","neutral"
"931","1.03127774142571","8.78232285939751","0.117426534862834","negative"
"932","1.03127774142571","34.4860789518123","0.029904175040216","negative"
"933","1.03127774142571","34.4860789518123","0.029904175040216","negative"
"934","1.03127774142571","8.78232285939751","0.117426534862834","negative"
"935","1.03127774142571","25.4560621339674","0.040512068834465","negative"
"936","1.03127774142571","8.78232285939751","0.117426534862834","negative"
"937","1.03127774142571","8.78232285939751","0.117426534862834","negative"
"938","1.03127774142571","8.78232285939751","0.117426534862834","negative"
"939","1.03127774142571","8.78232285939751","0.117426534862834","negative"
"940","1.03127774142571","8.78232285939751","0.117426534862834","negative"
"941","1.03127774142571","17.8123396772424","0.0578968153601572","negative"
"942","1.03127774142571","8.78232285939751","0.117426534862834","negative"
"943","1.03127774142571","8.78232285939751","0.117426534862834","negative"
"944","1.03127774142571","8.78232285939751","0.117426534862834","negative"
"945","1.03127774142571","8.78232285939751","0.117426534862834","negative"
"946","1.03127774142571","17.8123396772424","0.0578968153601572","negative"
"947","1.03127774142571","8.78232285939751","0.117426534862834","negative"
"948","1.03127774142571","8.78232285939751","0.117426534862834","negative"
"949","1.03127774142571","17.8123396772424","0.0578968153601572","negative"
"950","1.03127774142571","8.78232285939751","0.117426534862834","negative"
"951","1.03127774142571","17.8123396772424","0.0578968153601572","negative"
"952","1.03127774142571","8.78232285939751","0.117426534862834","negative"
"953","1.03127774142571","8.78232285939751","0.117426534862834","negative"
"954","1.03127774142571","8.78232285939751","0.117426534862834","negative"
"955","1.03127774142571","17.8123396772424","0.0578968153601572","negative"
"956","1.03127774142571","17.8123396772424","0.0578968153601572","negative"
"957","1.03127774142571","34.4860789518123","0.029904175040216","negative"
"958","1.03127774142571","0.445453222112551","2.31512017476245","positive"
"959","1.03127774142571","17.1191924966825","0.0602410272345239","negative"
"960","1.03127774142571","8.78232285939751","0.117426534862834","negative"
"961","1.03127774142571","34.4860789518123","0.029904175040216","negative"
"962","1.03127774142571","8.78232285939751","0.117426534862834","negative"
"963","1.03127774142571","8.78232285939751","0.117426534862834","negative"
"964","1.03127774142571","17.8123396772424","0.0578968153601572","negative"
"965","1.03127774142571","8.78232285939751","0.117426534862834","negative"
"966","1.03127774142571","8.78232285939751","0.117426534862834","negative"
"967","1.03127774142571","8.78232285939751","0.117426534862834","negative"
"968","1.03127774142571","8.78232285939751","0.117426534862834","negative"
"969","1.03127774142571","8.78232285939751","0.117426534862834","negative"
"970","1.03127774142571","8.78232285939751","0.117426534862834","negative"
"971","1.03127774142571","8.78232285939751","0.117426534862834","negative"
"972","1.03127774142571","34.4860789518123","0.029904175040216","negative"
"973","1.03127774142571","8.78232285939751","0.117426534862834","negative"
"974","1.03127774142571","8.78232285939751","0.117426534862834","negative"
"975","1.03127774142571","17.8123396772424","0.0578968153601572","negative"
"976","1.03127774142571","17.8123396772424","0.0578968153601572","negative"
"977","1.03127774142571","17.8123396772424","0.0578968153601572","negative"
"978","1.03127774142571","17.8123396772424","0.0578968153601572","negative"
"979","1.03127774142571","8.78232285939751","0.117426534862834","negative"
"980","1.03127774142571","17.8123396772424","0.0578968153601572","negative"
"981","1.03127774142571","17.8123396772424","0.0578968153601572","negative"
"982","1.03127774142571","17.8123396772424","0.0578968153601572","negative"
"983","1.03127774142571","17.8123396772424","0.0578968153601572","negative"
"984","1.03127774142571","17.8123396772424","0.0578968153601572","negative"
"985","1.03127774142571","17.8123396772424","0.0578968153601572","negative"
"986","1.03127774142571","17.8123396772424","0.0578968153601572","negative"
"987","1.03127774142571","17.8123396772424","0.0578968153601572","negative"
"988","1.03127774142571","17.8123396772424","0.0578968153601572","negative"
"989","1.03127774142571","17.8123396772424","0.0578968153601572","negative"
"990","1.03127774142571","0.445453222112551","2.31512017476245","positive"
"991","1.03127774142571","17.8123396772424","0.0578968153601572","negative"
"992","1.03127774142571","17.8123396772424","0.0578968153601572","negative"
"993","1.03127774142571","17.8123396772424","0.0578968153601572","negative"
"994","1.03127774142571","17.8123396772424","0.0578968153601572","negative"
"995","1.03127774142571","17.8123396772424","0.0578968153601572","negative"
"996","1.03127774142571","17.8123396772424","0.0578968153601572","negative"
"997","1.03127774142571","8.78232285939751","0.117426534862834","negative"
"998","1.03127774142571","17.1191924966825","0.0602410272345239","negative"
"999","1.03127774142571","17.8123396772424","0.0578968153601572","negative"
"1000","1.03127774142571","8.78232285939751","0.117426534862834","negative"
